{
  "train_loss": [
    1.974642065269482,
    1.6887672695333524,
    1.3426942417086905
  ],
  "train_acc": [
    0.6039245863793767,
    0.6404290269591265,
    0.7277418108029762
  ],
  "val_loss": [
    2.0893939170837403,
    2.1295077338668533,
    2.1436893574696665
  ],
  "val_acc": [
    0.4727547169811321,
    0.4852830188679245,
    0.44875471698113206
  ]
}